{"vgg_accuracy": 0.8301282051282052, "f1_vgg": 0.877030162412993, "cnn_accuracy": 0.8862179487179487, "f1_cnn": 0.9106918238993711, "densenet121_accuracy": 0.8830128205128205, "f1_densenet121": 0.9099876695437731}